,light,fear,Date(Local),Time(sec),Time,Latitude,Longitude,Horizontal Accuracy(m),Altitude(m),Speed(m/s)
0,1.55,0,2019-12-29 21:10:37.00,0.0,21:10:37.00,20.765446,-103.367154,6.000906205260657,1625.42683721424,0.6729761958122253
1,1.55,0,2019-12-29 21:10:38.00,0.2483422756195068,21:10:38.00,20.765441,-103.36715699999999,6.000906205260657,1625.331483388782,0.7151293158531189
2,1.55,0,2019-12-29 21:10:44.00,6.2483463287353525,21:10:44.00,20.765397,-103.367138,6.000906205260657,1625.2127383566642,0.1244811341166496
3,1.55,0,2019-12-29 21:11:12.00,34.24834990501404,21:11:12.00,20.765401999999998,-103.3671,6.000906205260657,1625.480664771738,0.05111255124211311
4,1.55,0,2019-12-29 21:12:22.00,34.17966425418854,21:12:22.00,20.765382000000002,-103.367064,16.00241654736175,1625.5840564707933,0.04253123328089714
5,1.66,0,2019-12-29 21:12:23.00,35.179663896560676,21:12:23.00,20.765381,-103.367074,16.00241654736175,1625.539466056625,0.0639829933643341
6,1.66,0,2019-12-29 21:12:43.00,55.179659843444824,21:12:43.00,20.765313,-103.36705,16.00241654736175,1625.293690992092,0.5663747787475586
7,1.66,0,2019-12-29 21:12:55.00,67.17964005470276,21:12:55.00,20.765269,-103.36702199999999,16.00241654736175,1624.830975053548,0.4404313564300537
8,1.66,0,2019-12-29 21:12:57.00,69.17963421344757,21:12:57.00,20.765256,-103.367012,16.00241654736175,1624.82485657213,0.7495493888854979
9,1.66,0,2019-12-29 21:13:17.00,69.2019100189209,21:13:17.00,20.765145999999998,-103.366843,16.00241654736175,1625.807619301423,1.229426026344299
10,1.66,0,2019-12-29 21:13:18.00,70.20190834999084,21:13:18.00,20.765142,-103.366848,16.00241654736175,1626.011163160001,1.032719969749451
11,1.66,0,2019-12-29 21:13:27.00,79.20190227031708,21:13:27.00,20.765104,-103.366815,16.00241654736175,1626.324711652142,0.6977578401565552
12,1.66,0,2019-12-29 21:13:34.00,86.20189833641052,21:13:34.00,20.765059,-103.366809,6.000906205260657,1626.482731551408,0.9538747072219848
13,1.66,0,2019-12-29 21:13:46.00,98.20189464092256,21:13:46.00,20.765013,-103.366794,6.000906205260657,1626.4651849282761,0.1609299778938293
14,1.48,0,2019-12-29 21:13:52.00,104.20189321041109,21:13:52.00,20.764995000000003,-103.366772,6.000906205260657,1626.85929689625,0.018559964373707768
15,1.48,0,2019-12-29 21:14:47.00,104.1664532423019,21:14:47.00,20.764749,-103.36657199999999,4.000604136840439,1629.0655100600932,0.841347873210907
16,1.48,0,2019-12-29 21:14:48.00,105.1664534807205,21:14:48.00,20.764741,-103.366569,4.000604136840439,1629.1424209858678,1.000538349151611
17,1.48,0,2019-12-29 21:14:52.00,109.1664530038834,21:14:52.00,20.764698000000003,-103.366553,6.000906205260657,1629.4051262511468,1.071315288543701
18,1.61,0,2019-12-29 21:14:57.00,114.16645216941829,21:14:57.00,20.764662,-103.36652099999999,6.000906205260657,1629.772835787446,1.0492533445358279
19,1.61,0,2019-12-29 21:15:02.00,119.16645038127899,21:15:02.00,20.764634,-103.366473,6.000906205260657,1630.358434066592,1.143309354782104
20,1.61,0,2019-12-29 21:15:06.00,123.1664491891861,21:15:06.00,20.764598,-103.366443,6.000906205260657,1630.6979360238417,1.1503075361251829
21,1.61,0,2019-12-29 21:15:11.00,128.16645991802218,21:15:11.00,20.764571,-103.366401,6.000906205260657,1631.23264082736,1.064417839050293
22,1.61,0,2019-12-29 21:15:17.00,134.1664845943451,21:15:17.00,20.764537,-103.36636999999999,6.000906205260657,1631.433309799692,0.8395009636878967
23,1.61,0,2019-12-29 21:15:22.00,139.1664984226227,21:15:22.00,20.764508,-103.36634699999999,6.000906205260657,1631.433315277045,1.3918455839157098
24,1.61,0,2019-12-29 21:15:27.00,139.1505814790726,21:15:27.00,20.764479,-103.366311,6.000906205260657,1631.4333152770998,0.4399773478507996
25,1.61,0,2019-12-29 21:15:28.00,140.15058219432828,21:15:28.00,20.764474,-103.36630600000001,6.000906205260657,1631.4333152770998,0.636529266834259
26,1.61,0,2019-12-29 21:15:38.00,150.1505867242813,21:15:38.00,20.764457,-103.366251,6.000906205260657,1631.4333152770998,1.427991986274719
27,1.61,0,2019-12-29 21:15:43.00,155.1505934000015,21:15:43.00,20.764411,-103.366235,6.000906205260657,1631.4333152770998,1.171254634857178
28,1.61,0,2019-12-29 21:15:47.00,159.15059649944308,21:15:47.00,20.76437,-103.36621,6.000906205260657,1631.4333152770998,1.506852865219116
29,1.04,0,2019-12-29 21:15:52.00,164.1505995988846,21:15:52.00,20.764344,-103.36617,6.000906205260657,1631.4333152770998,1.275758147239685
30,1.04,0,2019-12-29 21:16:02.00,174.1490737199783,21:16:02.00,20.764307000000002,-103.36614,6.000906205260657,1631.4333152770998,0.9310773015022278
31,1.04,0,2019-12-29 21:16:02.00,174.1506028175354,21:16:02.00,20.764307000000002,-103.36614,6.000906205260657,1631.4333152770998,0.9310773015022278
32,1.04,0,2019-12-29 21:16:03.00,175.1490743160248,21:16:03.00,20.764307000000002,-103.366132,6.000906205260657,1631.4333152770998,0.9534831643104552
33,1.04,0,2019-12-29 21:16:09.00,181.14907503128052,21:16:09.00,20.764264999999998,-103.366098,6.000906205260657,1631.482215423584,1.175451874732971
34,1.04,0,2019-12-29 21:16:16.00,188.1490749120712,21:16:16.00,20.764217000000002,-103.366077,6.000906205260657,1631.7365387445261,0.954311192035675
35,1.04,0,2019-12-29 21:16:22.00,194.14907467365262,21:16:22.00,20.764175,-103.366052,6.000906205260657,1632.043162584107,0.9037851095199584
36,1.04,0,2019-12-29 21:16:26.00,198.1490743160248,21:16:26.00,20.764135999999997,-103.366015,6.000906205260657,1632.502824113393,0.7576916217803955
37,1.04,0,2019-12-29 21:16:35.00,207.14948916435242,21:16:35.00,20.764101,-103.36596800000001,6.000906205260657,1633.034094100982,0.6273923516273499
38,1.04,0,2019-12-29 21:16:37.00,209.14946258068082,21:16:37.00,20.764088,-103.365962,6.000906205260657,1633.1529949403382,0.7665073275566101
39,1.04,0,2019-12-29 21:17:07.00,209.0970596075058,21:17:07.00,20.763975,-103.36587,6.000906205260657,1634.198578875933,1.0300623178482058
40,0.95,0,2019-12-29 21:17:08.00,210.0970531702042,21:17:08.00,20.763972,-103.365858,6.000906205260657,1634.289761070577,0.7825090289115906
41,0.95,0,2019-12-29 21:17:14.00,216.0970219373703,21:17:14.00,20.763948000000003,-103.36581,6.000906205260657,1634.737363692505,0.9237219095230104
42,0.95,0,2019-12-29 21:17:24.00,226.0969858169556,21:17:24.00,20.76396,-103.36576,8.001208273680877,1634.737636566162,0.1714037954807281
43,0.95,0,2019-12-29 21:17:39.00,241.0969727039337,21:17:39.00,20.763942,-103.36570999999999,6.000906205260657,1634.737636566162,0.9765004515647888
44,0.95,0,2019-12-29 21:17:42.00,244.0969772338867,21:17:42.00,20.763937,-103.365723,6.000906205260657,1634.737636566162,0.3262237310409546
45,0.95,0,2019-12-29 21:19:37.00,244.1221984624863,21:19:37.00,20.764007,-103.36549000000001,6.000906205260657,1635.464473944824,0.8353554010391235
46,1.02,0,2019-12-29 21:19:38.00,245.12219786643982,21:19:38.00,20.764008999999998,-103.365484,6.000906205260657,1635.515862296216,0.9248230457305908
47,1.02,0,2019-12-29 21:19:42.00,249.12219333648682,21:19:42.00,20.764006,-103.36543,6.000906205260657,1636.051110250552,0.8114398717880249
48,1.02,0,2019-12-29 21:19:48.00,255.12218761444092,21:19:48.00,20.764004999999997,-103.365367,6.000906205260657,1636.7843695793429,1.00448203086853
49,1.02,0,2019-12-29 21:19:54.00,261.1221808195114,21:19:54.00,20.764004,-103.365309,6.000906205260657,1637.483421075664,0.7955514788627625
50,1.02,0,2019-12-29 21:19:59.00,266.12217545509344,21:19:59.00,20.763986,-103.36525300000001,6.000906205260657,1638.030151448324,0.8039548993110657
51,1.02,0,2019-12-29 21:20:04.00,271.1221703290939,21:20:04.00,20.763986,-103.365204,6.000906205260657,1638.0418356680689,0.7155723571777344
52,1.07,0,2019-12-29 21:20:09.00,276.1221593618393,21:20:09.00,20.764017000000003,-103.365162,6.000906205260657,1638.041835784911,0.6873552799224854
53,1.07,0,2019-12-29 21:20:12.00,279.1221504211426,21:20:12.00,20.764021,-103.36514100000001,6.000906205260657,1638.041835784912,0.3673779666423798
54,1.07,0,2019-12-29 21:20:27.00,279.0981973409653,21:20:27.00,20.764073,-103.365003,8.001208273680877,1638.041835784912,0.6057975888252258
55,1.07,0,2019-12-29 21:20:28.00,280.0981924533844,21:20:28.00,20.764076,-103.364995,8.001208273680877,1638.041835784912,0.4700613021850586
56,1.07,0,2019-12-29 21:20:33.00,285.0981746912003,21:20:33.00,20.764098,-103.364948,6.000906205260657,1638.549774581299,0.5328853130340576
57,1.07,0,2019-12-29 21:20:39.00,291.0981575250626,21:20:39.00,20.764105999999998,-103.364892,6.000906205260657,1639.188958761967,0.8516448140144348
58,1.07,0,2019-12-29 21:20:48.00,300.0981382131577,21:20:48.00,20.764118,-103.36484399999999,6.000906205260657,1639.774093043409,0.5115181803703308
59,1.07,0,2019-12-29 21:20:53.00,305.09812879562384,21:20:53.00,20.764132,-103.364786,8.001208273680877,1640.4078101643688,0.6656478047370911
60,1.07,0,2019-12-29 21:20:57.00,309.0981222391129,21:20:57.00,20.764138,-103.364736,8.001208273680877,1640.97602283401,0.8140851855278015
61,1.07,0,2019-12-29 21:21:01.00,313.098116517067,21:21:01.00,20.764157,-103.36469,8.001208273680877,1641.3459772382848,0.7580427527427673
62,1.07,0,2019-12-29 21:21:02.00,314.0981150865555,21:21:02.00,20.764160999999998,-103.364681,8.001208273680877,1641.3461390904058,0.9315452575683594
63,1.14,0,2019-12-29 21:21:37.00,314.20283043384546,21:21:37.00,20.764287,-103.364346,8.001208273680877,1641.3461570739748,0.8381727337837219
64,1.14,0,2019-12-29 21:21:38.00,315.2028301954269,21:21:38.00,20.764294,-103.36433199999999,8.001208273680877,1641.3461570739748,0.6819518804550171
65,1.14,0,2019-12-29 21:21:42.00,319.2028259038925,21:21:42.00,20.764301,-103.36428199999999,8.001208273680877,1641.3461570739748,0.9282196760177612
66,1.14,0,2019-12-29 21:21:46.00,323.20282030105585,21:21:46.00,20.764304,-103.364228,8.001208273680877,1641.3461570739748,0.8110701441764832
67,1.14,0,2019-12-29 21:21:50.00,327.2028160095215,21:21:50.00,20.764307000000002,-103.36417900000001,8.001208273680877,1641.3461570739748,1.042211174964905
68,1.14,0,2019-12-29 21:21:54.00,331.2028115987778,21:21:54.00,20.764312,-103.36413,8.001208273680877,1641.3461570739748,1.254664182662964
69,1.14,0,2019-12-29 21:21:58.00,335.20280694961554,21:21:58.00,20.764313,-103.364074,8.001208273680877,1641.3461570739748,0.7350224852561951
70,1.14,0,2019-12-29 21:22:05.00,342.2027994394302,21:22:05.00,20.764305,-103.36402199999999,8.001208273680877,1641.3461570739748,1.096202969551086
71,1.14,0,2019-12-29 21:22:12.00,349.2027915716171,21:22:12.00,20.764313,-103.363972,8.001208273680877,1641.3461570739748,0.5952798128128052
72,1.14,0,2019-12-29 21:22:12.00,349.19849359989166,21:22:12.00,20.764313,-103.363972,8.001208273680877,1641.3461570739748,0.5952798128128052
73,1.14,0,2019-12-29 21:22:13.00,350.19849276542664,21:22:13.00,20.764312,-103.363963,8.001208273680877,1641.3461570739748,0.5937786102294922
74,1.14,0,2019-12-29 21:22:17.00,354.1984876394272,21:22:17.00,20.764333999999998,-103.363916,8.001208273680877,1641.3461570739748,0.4091615080833435
75,1.14,0,2019-12-29 21:22:21.00,358.1984840631485,21:22:21.00,20.764348000000002,-103.363867,8.001208273680877,1641.3461570739748,0.594870388507843
76,1.14,0,2019-12-29 21:22:26.00,363.198478102684,21:22:26.00,20.764357999999998,-103.363809,8.001208273680877,1641.3461570739748,1.036234378814697
77,1.07,0,2019-12-29 21:22:31.00,368.19847226142883,21:22:31.00,20.764389,-103.36376,8.001208273680877,1641.3461570739748,0.9614110589027404
78,1.07,0,2019-12-29 21:22:38.00,375.198464512825,21:22:38.00,20.764429,-103.363721,8.001208273680877,1641.3461570739748,0.8578479290008545
79,1.07,0,2019-12-29 21:22:44.00,381.1984577178955,21:22:44.00,20.764449,-103.363668,8.001208273680877,1641.3461570739748,0.708092451095581
80,1.07,0,2019-12-29 21:22:47.00,384.198454618454,21:22:47.00,20.76446,-103.363641,8.001208273680877,1641.3461570739748,0.7086110711097717
81,1.07,0,2019-12-29 21:22:57.00,384.223446726799,21:22:57.00,20.764515,-103.36352600000001,8.001208273680877,1641.3461570739748,1.055623292922974
82,1.07,0,2019-12-29 21:22:58.00,385.2234455347061,21:22:58.00,20.764516,-103.363508,8.001208273680877,1641.3461570739748,0.7914036512374878
83,1.07,0,2019-12-29 21:23:02.00,389.2234408855438,21:23:02.00,20.76452,-103.363444,8.001208273680877,1641.3461570739748,1.1468632221221922
84,1.07,0,2019-12-29 21:23:07.00,394.2234343290329,21:23:07.00,20.764536,-103.363389,8.001208273680877,1641.3461570739748,0.6986567378044128
85,1.07,0,2019-12-29 21:23:13.00,400.22342824935913,21:23:13.00,20.76455,-103.363333,8.001208273680877,1641.3461570739748,0.6609241366386414
86,1.11,0,2019-12-29 21:23:17.00,404.2234231233597,21:23:17.00,20.764573000000002,-103.363291,8.001208273680877,1640.967546453857,0.6196775436401367
87,1.11,0,2019-12-29 21:23:22.00,409.2234175205231,21:23:22.00,20.764607,-103.36324499999999,8.001208273680877,1640.4402165398221,0.8230341076850891
88,1.11,0,2019-12-29 21:23:27.00,414.2234123945236,21:23:27.00,20.764617,-103.363194,8.001208273680877,1639.774619902997,0.5780537724494934
89,1.11,0,2019-12-29 21:23:32.00,419.223406791687,21:23:32.00,20.764638,-103.363153,8.001208273680877,1639.365711782187,0.9328381419181824
90,1.11,0,2019-12-29 21:23:42.00,419.3334749937057,21:23:42.00,20.764651999999998,-103.363043,8.001208273680877,1638.039689068329,0.7172570824623108
91,1.11,0,2019-12-29 21:23:43.00,420.3334900140762,21:23:43.00,20.764657999999997,-103.363038,8.001208273680877,1638.008002949191,0.6081666350364685
92,1.11,0,2019-12-29 21:23:49.00,426.3335607051849,21:23:49.00,20.764694,-103.362999,8.001208273680877,1637.960436293682,1.017044305801392
93,1.11,0,2019-12-29 21:23:52.00,429.3336058855057,21:23:52.00,20.764729,-103.362959,8.001208273680877,1638.028856436202,0.9318692088127136
94,1.11,0,2019-12-29 21:23:56.00,433.3336536884308,21:23:56.00,20.764754999999997,-103.362899,8.001208273680877,1638.177850612466,0.9080377221107484
95,1.11,0,2019-12-29 21:24:00.00,437.3336832523346,21:24:00.00,20.764762,-103.362843,8.001208273680877,1638.177891439617,0.6581891179084778
96,1.11,0,2019-12-29 21:24:04.00,441.333722949028,21:24:04.00,20.764761,-103.362794,8.001208273680877,1638.0831242561999,0.7322077751159668
97,1.25,0,2019-12-29 21:24:17.00,454.3337962627411,21:24:17.00,20.764749,-103.362765,8.001208273680877,1637.9356408278352,0.1220453530550003
98,1.25,0,2019-12-29 21:25:02.00,454.34912300109863,21:25:02.00,20.764606,-103.362712,8.001208273680877,1636.2900017200961,0.6418530344963074
99,1.25,0,2019-12-29 21:25:03.00,455.34912300109863,21:25:03.00,20.764601000000003,-103.362714,8.001208273680877,1636.2125508159302,0.8400295376777649
100,1.25,0,2019-12-29 21:25:09.00,461.34912073612213,21:25:09.00,20.764554999999998,-103.36273299999999,8.001208273680877,1635.885144717468,0.7274965047836304
101,1.25,0,2019-12-29 21:25:14.00,466.3491189479828,21:25:14.00,20.764509,-103.36273100000001,6.000906205260657,1635.4938738871908,0.9744950532913208
102,1.25,0,2019-12-29 21:25:19.00,471.3491162061691,21:25:19.00,20.764456,-103.362708,6.000906205260657,1634.955012343868,1.156085848808289
103,1.25,0,2019-12-29 21:25:24.00,476.34911572933197,21:25:24.00,20.764403,-103.362705,6.000906205260657,1634.737681432791,1.162052273750305
104,1.53,0,2019-12-29 21:25:29.00,481.3491129875183,21:25:29.00,20.764357999999998,-103.36268299999999,6.000906205260657,1634.737636566611,1.196883797645569
105,1.53,0,2019-12-29 21:25:34.00,486.34911012649536,21:25:34.00,20.764309,-103.362658,6.000906205260657,1634.737636566162,1.189981698989868
106,1.53,0,2019-12-29 21:25:40.00,492.34910786151886,21:25:40.00,20.764252,-103.362652,6.000906205260657,1634.737636566162,1.17757523059845
107,1.53,0,2019-12-29 21:25:45.00,497.3491048812866,21:25:45.00,20.764197,-103.362646,6.000906205260657,1634.737636566162,1.213483691215515
108,1.53,0,2019-12-29 21:25:57.00,509.34909927845,21:25:57.00,20.76415,-103.362641,6.000906205260657,1634.737636566162,0.9490237832069396
109,1.53,0,2019-12-29 21:26:52.00,509.42185175418854,21:26:52.00,20.763776999999997,-103.36274300000001,6.000906205260657,1634.58599974094,0.9678319096565248
110,4.56,0,2019-12-29 21:26:53.00,510.42185151577,21:26:53.00,20.763767,-103.362746,6.000906205260657,1634.5716305984838,1.0597262382507322
111,4.56,0,2019-12-29 21:26:58.00,515.4218498468399,21:26:58.00,20.763724,-103.36276600000001,6.000906205260657,1634.6591008313958,0.857038676738739
112,4.56,0,2019-12-29 21:27:08.00,525.4218446016312,21:27:08.00,20.763672,-103.36275400000001,6.000906205260657,1634.526048211508,0.8887630701065063
113,4.56,0,2019-12-29 21:27:15.00,532.421840429306,21:27:15.00,20.763632,-103.36277700000001,6.000906205260657,1634.654792507186,0.4112393856048584
114,4.56,0,2019-12-29 21:27:25.00,542.4218354225159,21:27:25.00,20.763593,-103.362802,6.000906205260657,1634.737617664585,0.2316333502531052
115,4.56,0,2019-12-29 21:27:27.00,544.4218347072601,21:27:27.00,20.763579,-103.36280699999999,6.000906205260657,1634.737636377146,0.2041620165109634
116,4.56,0,2019-12-29 21:32:37.00,544.4030885696411,21:32:37.00,20.763560000000002,-103.362749,6.000906205260657,1634.3317782988238,0.9811357855796814
117,4.56,0,2019-12-29 21:32:38.00,545.4030903577806,21:32:38.00,20.763552999999998,-103.362758,6.000906205260657,1634.3896532784909,0.9811357855796814
118,4.56,0,2019-12-29 21:32:42.00,549.4040936231613,21:32:42.00,20.763497,-103.36277700000001,8.001208273680877,1634.6996916848261,1.125309586524963
119,4.56,0,2019-12-29 21:32:49.00,556.4041007757187,21:32:49.00,20.763447,-103.362788,8.001208273680877,1634.7376365567652,0.7996726036071777
120,4.56,0,2019-12-29 21:32:57.00,564.4041090011598,21:32:57.00,20.763406,-103.362809,8.001208273680877,1634.737636566162,1.07717764377594
121,15.84,1,2019-12-29 21:33:07.00,574.4041197299957,21:33:07.00,20.763456,-103.362813,8.001208273680877,1634.737636566162,0.2218731939792633
122,15.84,1,2019-12-29 21:33:12.00,579.4041242599487,21:33:12.00,20.763485,-103.362792,8.001208273680877,1634.737636566162,0.1724336296319962
123,15.84,1,2019-12-29 21:33:42.00,579.4654805660248,21:33:42.00,20.763388,-103.36275699999999,6.000906205260657,1634.4132456853988,0.7703737616539001
124,15.84,1,2019-12-29 21:33:43.00,580.4654816389084,21:33:43.00,20.763361,-103.36276099999999,6.000906205260657,1634.4865695483982,1.020740628242493
125,15.84,1,2019-12-29 21:33:49.00,586.4654883146286,21:33:49.00,20.763313,-103.36276099999999,6.000906205260657,1634.498578602937,0.8302319049835205
126,15.84,1,2019-12-29 21:33:58.00,595.4654968976973,21:33:58.00,20.763269,-103.362783,6.000906205260657,1634.7224039129792,0.9431609511375428
127,15.84,1,2019-12-29 21:34:04.00,601.4655033349992,21:34:04.00,20.763223,-103.36278100000001,6.000906205260657,1634.737636550929,0.6684580445289612
128,15.84,1,2019-12-29 21:34:10.00,607.4655089378358,21:34:10.00,20.763172,-103.362786,6.000906205260657,1634.7373357714841,0.2498052567243576
129,15.84,1,2019-12-29 21:34:17.00,614.4655150175096,21:34:17.00,20.763147,-103.36281600000001,6.000906205260657,1634.7376365661319,0.6597312688827515
130,15.84,1,2019-12-29 21:34:27.00,614.4043720960618,21:34:27.00,20.763136,-103.362957,6.000906205260657,1634.737636566162,0.8860072493553162
131,15.84,1,2019-12-29 21:34:28.00,615.4043726921083,21:34:28.00,20.76314,-103.36296999999999,6.000906205260657,1634.737636566162,0.9404014945030212
132,15.95,1,2019-12-29 21:34:34.00,621.4043786525726,21:34:34.00,20.763133,-103.363026,6.000906205260657,1634.737636566162,1.149967789649963
133,15.95,1,2019-12-29 21:34:39.00,626.4043829441072,21:34:39.00,20.763163,-103.363079,6.000906205260657,1634.842643890381,1.162397503852844
134,15.95,1,2019-12-29 21:34:43.00,630.4043869972229,21:34:43.00,20.763176,-103.363129,6.000906205260657,1635.497786056152,0.6897069215774536
135,15.95,1,2019-12-29 21:34:48.00,635.4043916463853,21:34:48.00,20.763194,-103.36318,8.001208273680877,1636.057533597589,1.0713127851486208
136,15.99,1,2019-12-29 21:34:55.00,642.4043984413148,21:34:55.00,20.763196,-103.363236,8.001208273680877,1636.753072394526,1.09808623790741
137,15.99,1,2019-12-29 21:35:00.00,647.4044036865233,21:35:00.00,20.763203,-103.363292,8.001208273680877,1637.381478219544,1.078204274177551
138,15.99,1,2019-12-29 21:35:02.00,649.4044052362443,21:35:02.00,20.7632,-103.363315,8.001208273680877,1637.6713650217582,0.7759926915168762
139,15.99,1,2019-12-29 21:35:02.00,649.4002602100372,21:35:02.00,20.7632,-103.363315,8.001208273680877,1637.6713650217582,0.7759926915168762
140,15.99,1,2019-12-29 21:35:03.00,650.400260925293,21:35:03.00,20.763195,-103.363325,8.001208273680877,1637.8082432984409,0.7453821301460266
141,15.99,1,2019-12-29 21:35:09.00,656.4002674818039,21:35:09.00,20.76321,-103.363377,8.001208273680877,1638.3821833427012,1.0912472009658811
142,15.99,1,2019-12-29 21:35:12.00,659.4002692699432,21:35:12.00,20.763218,-103.363431,8.001208273680877,1638.9496248629391,1.278490900993347
143,15.99,1,2019-12-29 21:35:16.00,663.4002727270126,21:35:16.00,20.76323,-103.36349,8.001208273680877,1639.724123902687,1.214251637458801
144,15.96,0,2019-12-29 21:35:21.00,668.4002777338027,21:35:21.00,20.763237,-103.363553,8.001208273680877,1640.445707970342,1.137185215950012
145,15.96,0,2019-12-29 21:35:27.00,674.4002834558488,21:35:27.00,20.763234,-103.36361,6.000906205260657,1641.159504622012,1.177038908004761
146,15.96,0,2019-12-29 21:35:31.00,678.4002875089644,21:35:31.00,20.763248,-103.363661,6.000906205260657,1641.3461317070692,0.9447728991508484
147,15.96,0,2019-12-29 21:35:36.00,683.4002922773361,21:35:36.00,20.763262,-103.363708,8.001208273680877,1641.346157073721,0.7118948698043823
148,15.96,0,2019-12-29 21:35:42.00,689.4002977609634,21:35:42.00,20.763269,-103.363755,6.000906205260657,1641.3461570739748,1.054118871688843
149,15.96,0,2019-12-29 21:35:47.00,689.3979413509369,21:35:47.00,20.763268,-103.363809,6.000906205260657,1641.3461570739748,0.87415611743927
150,15.96,0,2019-12-29 21:35:48.00,690.3979414701462,21:35:48.00,20.763264000000003,-103.36381899999999,6.000906205260657,1641.3461570739748,0.87415611743927
151,15.96,0,2019-12-29 21:35:54.00,696.3979468345642,21:35:54.00,20.763251999999998,-103.36386800000001,6.000906205260657,1641.3461570739748,0.6918901801109314
152,15.96,1,2019-12-29 21:35:59.00,701.3979525566101,21:35:59.00,20.763239000000002,-103.363926,6.000906205260657,1641.2552023620608,0.7700323462486267
153,15.96,1,2019-12-29 21:36:09.00,711.3979617357254,21:36:09.00,20.763233,-103.363974,6.000906205260657,1640.997401676598,0.1931513994932175
154,15.96,1,2019-12-29 21:36:17.00,719.3979682922362,21:36:17.00,20.763234,-103.36403299999999,8.001208273680877,1640.806990856052,0.7043434381484985
155,15.96,1,2019-12-29 21:36:22.00,724.3979729413986,21:36:22.00,20.763207,-103.364076,8.001208273680877,1640.402231715271,0.6665745377540588
156,16.22,1,2019-12-29 21:36:27.00,724.4392194747925,21:36:27.00,20.763192,-103.364142,8.001208273680877,1640.0020815263229,1.316707015037537
157,16.22,1,2019-12-29 21:36:28.00,725.4392200708389,21:36:28.00,20.763188,-103.364163,8.001208273680877,1639.835052741866,1.316707015037537
158,16.22,1,2019-12-29 21:36:33.00,730.4392248392105,21:36:33.00,20.763178,-103.36421800000001,8.001208273680877,1639.486985507853,0.300193727016449
159,16.22,1,2019-12-29 21:36:44.00,741.4392352104187,21:36:44.00,20.763189999999998,-103.364283,8.001208273680877,1639.511760482998,0.5276506543159485
160,16.22,1,2019-12-29 21:36:48.00,745.4392393827437,21:36:48.00,20.763216,-103.364324,8.001208273680877,1639.899390736366,0.2514934539794922
161,16.22,1,2019-12-29 21:36:55.00,752.4392457008362,21:36:55.00,20.763214,-103.364389,6.000906205260657,1640.012486768361,1.386579155921936
162,16.22,1,2019-12-29 21:37:00.00,757.4392498731613,21:37:00.00,20.763218,-103.364448,6.000906205260657,1639.93952156442,1.5013847351074219
163,16.33,1,2019-12-29 21:37:06.00,763.4392561912538,21:37:06.00,20.763213,-103.364508,6.000906205260657,1639.964097916729,2.640011787414551
164,16.33,1,2019-12-29 21:37:08.00,765.4392583370209,21:37:08.00,20.763208,-103.364561,6.000906205260657,1639.885920466777,4.123022556304932
165,16.33,1,2019-12-29 21:37:21.00,778.4392713308334,21:37:21.00,20.763223999999997,-103.3645,6.000906205260657,1639.972175608559,0.1478233486413956
166,16.33,1,2019-12-29 21:37:22.00,779.4392726421356,21:37:22.00,20.763222,-103.364497,6.000906205260657,1640.042670060245,0.1520664840936661
167,16.33,0,2019-12-29 21:37:37.00,779.4456555843352,21:37:37.00,20.763254999999997,-103.36456,6.000906205260657,1640.411647310047,1.05544114112854
168,16.21,0,2019-12-29 21:37:38.00,780.4456568956375,21:37:38.00,20.763254,-103.364568,6.000906205260657,1640.410274456957,1.05544114112854
169,16.21,0,2019-12-29 21:37:44.00,786.4456632137299,21:37:44.00,20.763279999999998,-103.364613,6.000906205260657,1640.647492500274,0.7548623085021973
170,16.21,0,2019-12-29 21:38:12.00,814.4452252388,21:38:12.00,20.763277,-103.364626,6.000906205260657,1640.60357293979,0.5159152150154114
171,16.21,0,2019-12-29 21:39:27.00,814.450227022171,21:39:27.00,20.763425,-103.364868,6.000906205260657,1639.7922929931228,1.442436695098877
172,16.21,0,2019-12-29 21:39:28.00,815.4502283334732,21:39:28.00,20.763431,-103.36488100000001,6.000906205260657,1639.635106603389,1.442436695098877
173,16.21,0,2019-12-29 21:39:32.00,819.4502322673798,21:39:32.00,20.763472,-103.364928,6.000906205260657,1639.067139826349,1.711051821708679
174,16.21,1,2019-12-29 21:39:35.00,822.4502363204956,21:39:35.00,20.763514,-103.364976,6.000906205260657,1638.53668005868,1.4551942348480218
175,16.21,1,2019-12-29 21:40:02.00,849.4502656459807,21:40:02.00,20.763522000000002,-103.36502800000001,6.000906205260657,1637.986687051914,0.8066831827163696
176,16.21,1,2019-12-29 21:40:12.00,849.4068992137909,21:40:12.00,20.763522000000002,-103.365139,6.000906205260657,1637.524008446663,1.377667546272278
177,16.21,1,2019-12-29 21:40:13.00,850.4068976640701,21:40:13.00,20.763523,-103.365148,6.000906205260657,1637.511049144837,1.280465841293335
178,16.21,1,2019-12-29 21:40:19.00,856.4068921804428,21:40:19.00,20.763545999999998,-103.36519100000001,8.001208273680877,1637.511600357397,0.6318872570991516
179,16.24,0,2019-12-29 21:40:36.00,873.406893491745,21:40:36.00,20.763592000000003,-103.365217,8.001208273680877,1637.750184496457,1.0893177986145022
180,16.24,0,2019-12-29 21:40:47.00,884.4069006443024,21:40:47.00,20.763613,-103.365259,8.001208273680877,1638.041835773584,0.04515590146183968
181,16.24,0,2019-12-29 21:41:12.00,884.4695217609406,21:41:12.00,20.763633,-103.365434,8.001208273680877,1636.291232860472,1.052307963371277
182,16.24,0,2019-12-29 21:41:13.00,885.4695227146149,21:41:13.00,20.763629,-103.365449,8.001208273680877,1636.192788676062,0.9422980546951294
183,16.24,0,2019-12-29 21:41:18.00,890.4695274829865,21:41:18.00,20.763648,-103.36550600000001,8.001208273680877,1635.596930259529,1.182604312896729
184,16.24,0,2019-12-29 21:41:23.00,895.469532251358,21:41:23.00,20.763682,-103.36554699999999,8.001208273680877,1634.9828421610518,0.9318253397941588
185,16.24,0,2019-12-29 21:41:27.00,899.4695360660553,21:41:27.00,20.763706,-103.365595,8.001208273680877,1634.5344903713901,1.020140051841736
186,16.24,0,2019-12-29 21:41:29.00,901.4695379734039,21:41:29.00,20.763747,-103.365628,8.001208273680877,1634.332670533902,1.1729398965835571
187,16.24,0,2019-12-29 21:41:32.00,904.4695415496826,21:41:32.00,20.763794,-103.365649,8.001208273680877,1634.32200882181,0.9490103721618652
188,16.24,0,2019-12-29 21:41:35.00,907.4695435762404,21:41:35.00,20.76385,-103.36564399999999,16.00241654736175,1634.490687735293,1.15540075302124
189,16.24,1,2019-12-29 21:41:38.00,910.4695466756821,21:41:38.00,20.763901,-103.365664,16.00241654736175,1634.706322478659,0.9923011660575868
190,16.22,1,2019-12-29 21:41:42.00,914.4695514440536,21:41:42.00,20.763967,-103.365679,16.00241654736175,1634.7376334347532,1.019469261169434
191,16.22,0,2019-12-29 21:41:46.00,918.4695556163788,21:41:46.00,20.764015,-103.365677,16.00241654736175,1634.737636565849,0.059156950563192374
192,16.22,0,2019-12-29 21:41:52.00,924.4695612192154,21:41:52.00,20.764008,-103.365634,6.000906205260657,1634.737636566162,1.282595872879028
193,16.22,0,2019-12-29 21:41:57.00,924.4796530008316,21:41:57.00,20.764012,-103.365616,6.000906205260657,1634.737636566162,0.710500955581665
194,16.22,0,2019-12-29 21:41:58.00,925.4796540737152,21:41:58.00,20.764017000000003,-103.36561,6.000906205260657,1634.737636566162,0.710500955581665
195,16.19,0,2019-12-29 21:42:07.00,934.4796631336212,21:42:07.00,20.764067999999998,-103.365623,8.001208273680877,1634.737636566162,0.1663282662630081
196,16.19,0,2019-12-29 21:42:13.00,940.479669213295,21:42:13.00,20.764110000000002,-103.36560300000001,16.00241654736175,1634.737636566162,0.01613396033644676
197,16.19,0,2019-12-29 21:42:17.00,944.4796736240387,21:42:17.00,20.764169,-103.365595,16.00241654736175,1634.737636566162,0.2415675222873688
198,16.19,1,2019-12-29 21:42:21.00,948.4796776771544,21:42:21.00,20.764232999999997,-103.365593,16.00241654736175,1634.737636566162,0.7105970978736877
199,16.19,1,2019-12-29 21:42:24.00,951.4796801805496,21:42:24.00,20.764289,-103.365596,16.00241654736175,1634.737636566162,0.02381323091685772
200,16.19,1,2019-12-29 21:42:28.00,955.4796841144562,21:42:28.00,20.764335,-103.365595,16.00241654736175,1634.737636566162,0.1503449082374573
201,16.19,1,2019-12-29 21:42:32.00,959.479689002037,21:42:32.00,20.764357999999998,-103.36558199999999,16.00241654736175,1634.737636566162,0.1071314588189125
202,16.19,0,2019-12-29 21:43:22.00,959.4973959922792,21:43:22.00,20.764822,-103.365362,8.001208273680877,1636.249650249187,0.7783486843109131
203,16.17,1,2019-12-29 21:43:23.00,960.4973959922792,21:43:23.00,20.764833,-103.36535699999999,8.001208273680877,1636.215656782121,0.7783486843109131
204,16.17,1,2019-12-29 21:43:27.00,964.4974008798599,21:43:27.00,20.764884,-103.365346,8.001208273680877,1635.9206049736529,0.9702398777008056
205,16.17,0,2019-12-29 21:43:31.00,968.4974042177199,21:43:31.00,20.764932,-103.36533399999999,8.001208273680877,1635.469361039761,0.8057160377502441
206,16.17,0,2019-12-29 21:43:35.00,972.497407913208,21:43:35.00,20.764978,-103.365308,8.001208273680877,1635.1010955052109,0.7384428977966309
207,16.17,0,2019-12-29 21:43:39.00,976.4974126815796,21:43:39.00,20.76503,-103.36529499999999,8.001208273680877,1634.7386490473098,0.8048250079154968
208,16.17,0,2019-12-29 21:43:44.00,981.4974164962767,21:43:44.00,20.765076999999998,-103.365289,8.001208273680877,1634.7376365762868,0.9097576737403871
209,16.17,1,2019-12-29 21:43:48.00,985.497421503067,21:43:48.00,20.765117,-103.365267,8.001208273680877,1634.7677391052262,1.011483669281006
210,16.17,1,2019-12-29 21:43:53.00,990.4974267482758,21:43:53.00,20.765147,-103.365229,8.001208273680877,1635.211235478027,0.635477602481842
211,16.17,1,2019-12-29 21:43:57.00,994.4974298477173,21:43:57.00,20.765164000000002,-103.36519100000001,8.001208273680877,1635.6605600979278,0.4041831195354462
212,16.17,0,2019-12-29 21:44:12.00,994.5951634645462,21:44:12.00,20.76531,-103.365154,6.000906205260657,1636.271870449689,1.759070158004761
213,16.17,0,2019-12-29 21:44:13.00,995.5951652526857,21:44:13.00,20.765315,-103.365144,6.000906205260657,1636.216120989671,1.0683462619781492
214,16.19,0,2019-12-29 21:44:17.00,999.5951694250107,21:44:17.00,20.765371,-103.36510799999999,6.000906205260657,1636.573379568413,2.41155743598938
215,16.19,0,2019-12-29 21:44:20.00,1002.595172047615,21:44:20.00,20.765417000000003,-103.365071,6.000906205260657,1636.9616944771328,1.623828411102295
216,16.19,0,2019-12-29 21:44:23.00,1005.595175385475,21:44:23.00,20.76546,-103.365045,6.000906205260657,1637.41814065337,1.3014799356460571
217,16.19,1,2019-12-29 21:44:27.00,1009.595179796219,21:44:27.00,20.765519,-103.365013,6.000906205260657,1637.74822378161,2.471510887145996
218,16.19,1,2019-12-29 21:44:31.00,1013.595183730125,21:44:31.00,20.76557,-103.364997,6.000906205260657,1638.0416630521302,1.8504430055618293
219,16.19,1,2019-12-29 21:44:38.00,1020.5951914787289,21:44:38.00,20.765619,-103.36500500000001,6.000906205260657,1637.953785155012,0.9136313796043396
220,16.19,1,2019-12-29 21:44:46.00,1028.595200300217,21:44:46.00,20.765636999999998,-103.364961,8.001208273680877,1638.0418357523802,0.4126555323600769
221,16.19,1,2019-12-29 21:44:47.00,1029.59520149231,21:44:47.00,20.765639999999998,-103.36495500000001,8.001208273680877,1638.0418357816588,0.4026003479957581
222,16.19,0,2019-12-29 21:46:42.00,1029.562873840332,21:46:42.00,20.766161,-103.36489300000001,8.001208273680877,1636.138621787034,0.5794355869293213
223,16.25,0,2019-12-29 21:46:43.00,1030.562873482704,21:46:43.00,20.766166000000002,-103.364896,8.001208273680877,1636.026685283562,0.5794355869293213
224,16.25,0,2019-12-29 21:46:47.00,1034.562870502472,21:46:47.00,20.766213,-103.364919,8.001208273680877,1635.707628959804,0.6006256937980652
225,16.25,1,2019-12-29 21:46:51.00,1038.562868714333,21:46:51.00,20.766258999999998,-103.364924,16.00241654736175,1635.550917732882,0.3130535781383514
226,16.25,1,2019-12-29 21:46:54.00,1041.562867164612,21:46:54.00,20.766306,-103.364936,16.00241654736175,1635.598269549477,0.6131724119186401
227,16.23,1,2019-12-29 21:46:57.00,1044.562865614891,21:46:57.00,20.766345,-103.36496700000001,16.00241654736175,1635.217325324145,0.3252250254154205
228,16.23,1,2019-12-29 21:47:03.00,1050.5628620386121,21:47:03.00,20.766397,-103.364992,16.00241654736175,1634.924249168532,0.09203802794218063
229,16.23,1,2019-12-29 21:47:10.00,1057.562857985497,21:47:10.00,20.766448,-103.365004,16.00241654736175,1634.7376373953948,0.2156818062067032
230,16.23,1,2019-12-29 21:47:14.00,1061.5628560781481,21:47:14.00,20.766503,-103.365027,16.00241654736175,1634.737636566245,0.6166409254074097
231,16.23,1,2019-12-29 21:47:17.00,1064.562854766846,21:47:17.00,20.766545999999998,-103.365033,16.00241654736175,1634.737636566162,0.6893090605735779
232,16.23,1,2019-12-29 21:47:22.00,1064.519482016563,21:47:22.00,20.766606,-103.365044,16.00241654736175,1634.737636566162,0.2818657755851746
233,16.23,0,2019-12-29 21:47:23.00,1065.519481420517,21:47:23.00,20.766622,-103.365048,16.00241654736175,1634.737636566162,0.7982498407363892
234,16.23,0,2019-12-29 21:47:27.00,1069.519478797913,21:47:27.00,20.766679999999997,-103.365057,16.00241654736175,1634.737636566162,0.4744870066642761
235,16.23,0,2019-12-29 21:47:32.00,1074.51947593689,21:47:32.00,20.766735999999998,-103.365062,16.00241654736175,1634.737636566162,0.6732290983200073
236,16.23,0,2019-12-29 21:47:36.00,1078.519474387169,21:47:36.00,20.766780999999998,-103.36506,6.000906205260657,1634.737636566162,0.4568686783313751
237,16.27,0,2019-12-29 21:47:41.00,1083.5194706916811,21:47:41.00,20.766817,-103.36509699999999,6.000906205260657,1634.737636566162,0.905415654182434
238,16.27,1,2019-12-29 21:47:47.00,1089.519467711449,21:47:47.00,20.76685,-103.365137,6.000906205260657,1634.737636566162,0.5321655869483948
239,16.27,1,2019-12-29 21:47:54.00,1096.519429683685,21:47:54.00,20.76689,-103.36518000000001,6.000906205260657,1634.737636566162,0.8162555694580078
240,16.27,1,2019-12-29 21:47:57.00,1099.519416570663,21:47:57.00,20.766915,-103.365207,6.000906205260657,1634.737636566162,0.9046779870986938
241,16.27,0,2019-12-29 21:48:02.00,1099.5361437797549,21:48:02.00,20.766945,-103.36527,6.000906205260657,1634.737636566162,1.10548996925354
242,16.27,0,2019-12-29 21:48:03.00,1100.536140918732,21:48:03.00,20.766945,-103.365285,6.000906205260657,1634.735109710693,1.155726313591003
243,16.27,0,2019-12-29 21:48:07.00,1104.5361309051511,21:48:07.00,20.766953,-103.365342,6.000906205260657,1634.074060117188,0.8746842741966248
244,16.27,1,2019-12-29 21:48:11.00,1108.536122441292,21:48:11.00,20.766963,-103.365399,6.000906205260657,1633.3954028012909,1.005891799926758
245,16.27,1,2019-12-29 21:48:16.00,1113.536114573479,21:48:16.00,20.766985000000002,-103.365452,6.000906205260657,1632.613660299586,0.9811480045318604
246,16.27,1,2019-12-29 21:48:22.00,1119.536105513573,21:48:22.00,20.767007999999997,-103.365512,6.000906205260657,1632.039542160936,1.267804741859436
247,16.27,1,2019-12-29 21:48:26.00,1123.536101460457,21:48:26.00,20.767027,-103.365567,6.000906205260657,1631.4627421351402,0.9819999933242798
248,13.29,0,2019-12-29 21:48:31.00,1128.5360962152479,21:48:31.00,20.767044,-103.365624,6.000906205260657,1631.2090704529598,0.8772345781326294
249,13.29,0,2019-12-29 21:48:36.00,1133.536091923714,21:48:36.00,20.767059,-103.365678,6.000906205260657,1630.8849507909993,0.9680559635162354
250,13.29,0,2019-12-29 21:48:37.00,1134.5360910892489,21:48:37.00,20.767057,-103.365686,6.000906205260657,1630.8342161331768,0.8958661556243896
251,13.29,0,2019-12-29 21:48:37.00,1134.5315321683881,21:48:37.00,20.767057,-103.365686,6.000906205260657,1630.8342161331768,0.8958661556243896
252,13.29,0,2019-12-29 21:48:38.00,1135.5315307378771,21:48:38.00,20.767063,-103.365697,6.000906205260657,1630.805741788489,0.9246923923492432
253,13.29,0,2019-12-29 21:48:42.00,1139.531528711319,21:48:42.00,20.767079000000003,-103.36575500000001,6.000906205260657,1630.409064714575,1.278820872306824
254,14.12,0,2019-12-29 21:48:47.00,1144.531524777412,21:48:47.00,20.767094,-103.36580699999999,6.000906205260657,1629.932566229662,1.1220576763153078
255,14.12,1,2019-12-29 21:48:50.00,1147.531522631645,21:48:50.00,20.767111,-103.36585600000001,6.000906205260657,1629.5130929704349,0.7805877327919006
256,14.12,1,2019-12-29 21:48:56.00,1153.531519055367,21:48:56.00,20.767143,-103.365899,6.000906205260657,1628.917225624577,0.7671095132827759
257,14.12,1,2019-12-29 21:49:12.00,1169.531548380852,21:49:12.00,20.767175,-103.365936,6.000906205260657,1628.5794952441738,1.269404172897339
258,14.12,1,2019-12-29 21:49:17.00,1169.547998547554,21:49:17.00,20.767194,-103.365997,6.000906205260657,1628.305604805306,0.8848121762275696
259,14.12,1,2019-12-29 21:49:18.00,1170.5480003356931,21:49:18.00,20.767201999999997,-103.36601,6.000906205260657,1628.272118936952,0.819464921951294
260,14.12,1,2019-12-29 21:49:23.00,1175.548004746437,21:49:23.00,20.767214000000003,-103.366066,6.000906205260657,1628.151580123877,0.9204890131950378
261,14.19,1,2019-12-29 21:49:28.00,1180.548006892204,21:49:28.00,20.767218,-103.366119,6.000906205260657,1628.129176466096,0.7490459084510803
262,14.19,0,2019-12-29 21:49:35.00,1187.5480086803439,21:49:35.00,20.767244,-103.366159,6.000906205260657,1628.129116058356,0.4655500948429108
263,14.19,0,2019-12-29 21:49:41.00,1193.548007726669,21:49:41.00,20.767279000000002,-103.36619300000001,6.000906205260657,1628.1291160583498,0.5839341282844543
264,14.19,0,2019-12-29 21:49:47.00,1199.548006415367,21:49:47.00,20.767317000000002,-103.366232,6.000906205260657,1628.1291160583498,0.7110475301742554
265,14.19,0,2019-12-29 21:49:52.00,1204.548005819321,21:49:52.00,20.76734,-103.366283,6.000906205260657,1628.1291160583498,0.669093132019043
266,14.19,0,2019-12-29 21:50:02.00,1204.602610349655,21:50:02.00,20.767364,-103.366357,6.000906205260657,1628.1291160583498,0.1656622141599655
267,14.19,0,2019-12-29 21:50:03.00,1205.602609992027,21:50:03.00,20.76736,-103.366357,6.000906205260657,1628.1291160583498,0.02173334173858166
268,14.19,0,2019-12-29 21:50:32.00,1234.602551221848,21:50:32.00,20.767395999999998,-103.366387,8.001208273680877,1628.1291160583498,0.713911235332489
269,14.19,0,2019-12-29 21:50:37.00,1239.602544903755,21:50:37.00,20.767408,-103.36642900000001,6.000906205260657,1627.783235357666,0.8814504742622375
270,14.19,0,2019-12-29 21:50:42.00,1239.637175679207,21:50:42.00,20.767474,-103.366514,6.000906205260657,1626.9137841193178,1.08122193813324
271,14.19,1,2019-12-29 21:50:43.00,1240.63717508316,21:50:43.00,20.767485999999998,-103.366537,6.000906205260657,1626.669557962103,1.08122193813324
272,14.17,0,2019-12-29 21:50:49.00,1246.637169361115,21:50:49.00,20.767502,-103.366582,6.000906205260657,1625.927799117712,0.8183602690696716
273,14.17,1,2019-12-29 21:50:58.00,1255.637163043022,21:50:58.00,20.767477,-103.36663,6.000906205260657,1625.398011921444,0.7623661160469055
274,14.17,1,2019-12-29 21:51:05.00,1262.637158513069,21:51:05.00,20.767485999999998,-103.366683,6.000906205260657,1624.825217879453,0.965986669063568
275,14.17,0,2019-12-29 21:51:11.00,1268.637154221535,21:51:11.00,20.767492999999998,-103.366732,6.000906205260657,1624.82479476971,0.9417269825935364
276,14.17,0,2019-12-29 21:51:17.00,1274.637150406837,21:51:17.00,20.767511,-103.366776,6.000906205260657,1624.824794769287,0.5029338002204895
277,14.17,0,2019-12-29 21:51:42.00,1274.5999366045,21:51:42.00,20.767622,-103.36699300000001,6.000906205260657,1624.628993792725,0.8229619860649109
278,14.17,1,2019-12-29 21:51:43.00,1275.599935650826,21:51:43.00,20.767626999999997,-103.367014,6.000906205260657,1624.576479320068,1.093183755874634
279,14.17,1,2019-12-29 21:51:48.00,1280.599932789803,21:51:48.00,20.767647,-103.367059,6.000906205260657,1624.16667776709,0.8914151191711426
280,14.17,1,2019-12-29 21:51:53.00,1285.599930167198,21:51:53.00,20.767689999999998,-103.36709499999999,6.000906205260657,1623.751012283576,1.016826152801514
281,14.17,0,2019-12-29 21:52:00.00,1292.5999263525011,21:52:00.00,20.76772,-103.367135,6.000906205260657,1623.1118916752152,0.5081809759140015
282,14.93,0,2019-12-29 21:52:06.99,1299.599491715431,21:52:06.99,20.767749,-103.367173,6.000906205260657,1622.497481484252,0.2339329570531845
283,14.93,1,2019-12-29 21:52:17.00,1309.599583983421,21:52:17.00,20.767761,-103.367188,8.001208273680877,1622.1058774539051,0.07608570903539658
284,14.93,1,2019-12-29 21:52:42.00,1309.56546998024,21:52:42.00,20.767677,-103.366954,6.000906205260657,1624.6096042439372,1.104228615760803
285,14.93,1,2019-12-29 21:52:43.00,1310.565470695496,21:52:43.00,20.767672,-103.366938,6.000906205260657,1624.7345013026902,0.8779553771018982
286,15.67,1,2019-12-29 21:52:50.00,1317.5654766559599,21:52:50.00,20.767654999999998,-103.36689,6.000906205260657,1624.8247947602579,0.5565363764762878
287,15.67,1,2019-12-29 21:52:56.00,1323.565480709076,21:52:56.00,20.767615,-103.366844,8.001208273680877,1624.824794769287,1.079100370407104
288,15.67,1,2019-12-29 21:53:01.00,1328.565482258797,21:53:01.00,20.767576000000002,-103.366811,6.000906205260657,1624.824794769287,1.076216578483582
289,15.67,1,2019-12-29 21:53:07.00,1334.565484166145,21:53:07.00,20.767557999999998,-103.366761,6.000906205260657,1624.824794769287,0.3484102189540863
290,15.67,1,2019-12-29 21:53:12.00,1339.565485358238,21:53:12.00,20.767526,-103.366723,6.000906205260657,1624.824794769287,0.7266460657119751
291,15.67,1,2019-12-29 21:53:17.00,1344.5654857158659,21:53:17.00,20.767498,-103.366676,6.000906205260657,1624.824794769287,0.957953155040741
292,15.67,1,2019-12-29 21:53:22.00,1344.576179504395,21:53:22.00,20.76747,-103.36664,6.000906205260657,1625.0494959411621,0.844889223575592
293,15.67,1,2019-12-29 21:53:23.00,1345.576179504395,21:53:23.00,20.767464999999998,-103.366638,6.000906205260657,1625.134996820068,0.844889223575592
294,15.67,1,2019-12-29 21:53:29.00,1351.576179862022,21:53:29.00,20.767436,-103.366597,6.000906205260657,1625.573662755271,0.5344285368919373
295,15.67,1,2019-12-29 21:53:34.00,1356.576179146767,21:53:34.00,20.767412,-103.366555,8.001208273680877,1626.05055823575,0.6285884380340576
296,16.11,0,2019-12-29 21:53:38.00,1360.57618021965,21:53:38.00,20.767395,-103.366507,8.001208273680877,1626.5290071405561,0.5095293521881104
297,16.11,0,2019-12-29 21:53:43.00,1365.576180100441,21:53:43.00,20.767351,-103.36648000000001,6.000906205260657,1626.999753173716,0.5920932292938232
298,16.11,1,2019-12-29 21:53:48.00,1370.576179504395,21:53:48.00,20.767323,-103.366442,8.001208273680877,1627.341765703442,0.9159963130950928
299,16.11,1,2019-12-29 21:53:51.00,1373.576179862022,21:53:51.00,20.767316,-103.36639,8.001208273680877,1627.87187375194,0.692290723323822
300,16.11,0,2019-12-29 21:53:55.00,1377.576179623604,21:53:55.00,20.767291,-103.366349,6.000906205260657,1628.1290785787478,0.8965336084365845
301,16.11,0,2019-12-29 21:53:59.00,1381.576179385185,21:53:59.00,20.767283,-103.366293,6.000906205260657,1628.129116054602,0.9357826113700868
302,16.11,0,2019-12-29 21:54:02.00,1384.5715848207471,21:54:02.00,20.767275,-103.366251,6.000906205260657,1628.129116058346,0.9710798263549804
303,16.11,1,2019-12-29 21:54:02.00,1384.576179742813,21:54:02.00,20.767275,-103.366251,6.000906205260657,1628.129116058346,0.9710798263549804
304,16.11,1,2019-12-29 21:54:03.00,1385.571585059166,21:54:03.00,20.767274,-103.366241,6.000906205260657,1628.129116058349,0.7304831147193909
305,16.11,1,2019-12-29 21:54:10.00,1392.5715844631197,21:54:10.00,20.767249,-103.3662,6.000906205260657,1628.1291160583498,0.7687927484512329
306,13.02,1,2019-12-29 21:54:14.00,1396.571584701538,21:54:14.00,20.767235999999997,-103.36614200000001,6.000906205260657,1628.1291160583498,0.9253908395767212
307,13.02,0,2019-12-29 21:54:18.00,1400.571600317955,21:54:18.00,20.767229,-103.366084,6.000906205260657,1628.1291160583498,1.151007652282715
308,13.02,0,2019-12-29 21:54:22.00,1404.571616411209,21:54:22.00,20.767223,-103.366035,6.000906205260657,1628.1291160583498,0.9943831562995912
309,13.02,0,2019-12-29 21:54:27.00,1409.571632504463,21:54:27.00,20.767201999999997,-103.36598000000001,6.000906205260657,1628.2012437194821,1.1552503108978271
310,13.02,0,2019-12-29 21:54:33.00,1415.571645259857,21:54:33.00,20.767195,-103.36592900000001,6.000906205260657,1628.2862214224688,0.8883007168769836
311,13.02,1,2019-12-29 21:54:39.00,1421.5716536045072,21:54:39.00,20.767178,-103.365881,6.000906205260657,1628.515338671266,0.973115086555481
312,13.02,0,2019-12-29 21:54:44.00,1426.571658015251,21:54:44.00,20.767164,-103.365835,6.000906205260657,1628.7603636168649,1.050067186355591
313,8.16,0,2019-12-29 21:54:52.00,1434.571662068367,21:54:52.00,20.767143,-103.365801,6.000906205260657,1629.3478803071803,0.03362856432795525
314,8.16,0,2019-12-29 21:54:52.00,1434.566671013832,21:54:52.00,20.767143,-103.365801,6.000906205260657,1629.3478803071803,0.03362856432795525
315,8.16,0,2019-12-29 21:54:53.00,1435.566671729088,21:54:53.00,20.767143,-103.365801,6.000906205260657,1629.351822561358,0.0264103077352047
316,8.16,0,2019-12-29 21:55:22.00,1464.566675782204,21:55:22.00,20.767093,-103.365815,6.000906205260657,1629.6501403548968,1.070626497268677
317,8.16,0,2019-12-29 21:55:26.00,1468.566675901413,21:55:26.00,20.767042,-103.36582800000001,6.000906205260657,1630.211426949842,1.0094332695007322
318,8.16,1,2019-12-29 21:55:27.00,1469.561965584755,21:55:27.00,20.767035,-103.365831,6.000906205260657,1630.289617655311,1.158532738685608
319,10.66,0,2019-12-29 21:55:27.00,1469.5666756629942,21:55:27.00,20.767035,-103.365831,6.000906205260657,1630.289617655311,1.158532738685608
320,10.66,1,2019-12-29 21:55:28.00,1470.561965703964,21:55:28.00,20.76703,-103.36583,6.000906205260657,1630.3553346750768,1.158532738685608
321,10.66,1,2019-12-29 21:55:33.00,1475.5619653463361,21:55:33.00,20.766988,-103.365863,6.000906205260657,1630.581562822489,0.7325446605682373
322,10.66,1,2019-12-29 21:55:38.00,1480.5629658699038,21:55:38.00,20.766944,-103.365889,6.000906205260657,1630.757871074761,0.9587528109550476
323,10.66,1,2019-12-29 21:55:44.00,1486.5629652738571,21:55:44.00,20.766898,-103.365921,6.000906205260657,1630.616981084566,1.2287077903747559
324,10.66,0,2019-12-29 21:55:48.00,1490.562965512276,21:55:48.00,20.766848,-103.365939,6.000906205260657,1630.5854727550088,0.8607737421989441
325,10.66,0,2019-12-29 21:55:52.00,1494.562965154648,21:55:52.00,20.766806,-103.36595600000001,6.000906205260657,1630.6667133907972,1.061217188835144
326,10.66,0,2019-12-29 21:55:56.00,1498.5629661083221,21:55:56.00,20.766765,-103.36597900000001,8.001208273680877,1630.787323382536,0.8686389923095703
327,10.66,1,2019-12-29 21:56:02.00,1504.558289527893,21:56:02.00,20.76672,-103.366008,8.001208273680877,1630.959295977787,1.213907718658447
328,10.66,1,2019-12-29 21:56:02.00,1504.562965512276,21:56:02.00,20.76672,-103.366008,8.001208273680877,1630.959295977787,1.213907718658447
329,10.66,0,2019-12-29 21:56:03.00,1505.5582897663119,21:56:03.00,20.766704,-103.366011,8.001208273680877,1631.025451921387,1.191810965538025
330,12.05,0,2019-12-29 21:56:07.00,1509.5582892894738,21:56:07.00,20.766653,-103.366014,8.001208273680877,1631.422857584026,1.099969506263733
331,12.05,0,2019-12-29 21:56:10.00,1512.558289170265,21:56:10.00,20.766606,-103.366033,6.000906205260657,1631.433304819407,1.362392783164978
332,12.05,1,2019-12-29 21:56:14.00,1516.5582896471021,21:56:14.00,20.766565,-103.366066,6.000906205260657,1631.4333152760541,1.120162487030029
333,12.05,1,2019-12-29 21:56:19.00,1521.558289527893,21:56:19.00,20.766527,-103.3661,6.000906205260657,1631.4333152770998,1.1119927167892458
334,12.05,0,2019-12-29 21:56:23.00,1525.558289051056,21:56:23.00,20.766478,-103.366106,6.000906205260657,1631.4333152770998,1.028989911079407
335,12.05,0,2019-12-29 21:56:27.00,1529.558288574219,21:56:27.00,20.766431,-103.36614200000001,6.000906205260657,1631.264815765381,1.52689528465271
336,12.05,0,2019-12-29 21:56:31.00,1533.5582889318468,21:56:31.00,20.766381,-103.366157,6.000906205260657,1630.9241611102539,1.356711983680725
337,12.05,0,2019-12-29 21:56:34.00,1536.5582880973818,21:56:34.00,20.766336,-103.366171,6.000906205260657,1630.876080536995,1.240081310272217
338,12.05,0,2019-12-29 21:56:39.00,1541.558289170265,21:56:39.00,20.766289999999998,-103.366187,6.000906205260657,1630.855165854655,1.0404648780822752
339,12.05,1,2019-12-29 21:56:42.00,1544.5582889318468,21:56:42.00,20.766256,-103.366196,6.000906205260657,1630.8899279235761,1.120641231536865
340,12.95,1,2019-12-29 21:56:42.00,1544.5536398887632,21:56:42.00,20.766256,-103.366196,6.000906205260657,1630.8899279235761,1.120641231536865
341,12.95,0,2019-12-29 21:56:43.00,1545.55363881588,21:56:43.00,20.766246,-103.366203,6.000906205260657,1630.9055756628409,1.0302995443344118
342,12.95,0,2019-12-29 21:56:49.00,1551.5536390542982,21:56:49.00,20.766195,-103.366222,6.000906205260657,1631.012523729707,1.1055529117584229
343,12.95,0,2019-12-29 21:56:54.00,1556.5536390542982,21:56:54.00,20.766135000000002,-103.366236,6.000906205260657,1631.2261880003368,1.502905488014221
344,12.06,0,2019-12-29 21:56:58.00,1560.553639292717,21:56:58.00,20.766088,-103.366265,6.000906205260657,1631.432862691813,1.417945742607117
345,12.06,0,2019-12-29 21:57:03.00,1565.553639173508,21:57:03.00,20.766051,-103.366301,6.000906205260657,1631.433315272574,1.416102886199951
346,12.06,0,2019-12-29 21:57:08.00,1570.553638577461,21:57:08.00,20.766008,-103.366321,6.000906205260657,1631.4333152770998,1.439490556716919
347,12.06,0,2019-12-29 21:57:13.00,1575.5536390542982,21:57:13.00,20.765975,-103.366363,6.000906205260657,1631.4333152770998,1.179899454116821
348,12.06,0,2019-12-29 21:57:18.00,1580.553638458252,21:57:18.00,20.765936,-103.3664,6.000906205260657,1631.379592132568,1.168415904045105
349,12.06,0,2019-12-29 21:57:24.00,1586.5536386966712,21:57:24.00,20.765905,-103.366436,6.000906205260657,1630.8976386412232,0.5852047204971313
350,12.06,0,2019-12-29 21:57:32.00,1594.553638577461,21:57:32.00,20.765903,-103.366437,6.000906205260657,1630.7624020141989,0.1528850197792053
351,12.06,0,2019-12-29 21:57:52.00,1594.5633182525628,21:57:52.00,20.765815,-103.366538,8.001208273680877,1629.683575588681,0.923081398010254
352,12.06,0,2019-12-29 21:57:53.00,1595.563317537308,21:57:53.00,20.765809,-103.366546,8.001208273680877,1629.574906249664,0.7392835021018982
353,4.54,0,2019-12-29 21:57:58.00,1600.563318371773,21:57:58.00,20.765786,-103.36659399999999,8.001208273680877,1628.971963289689,0.943494975566864
354,4.54,0,2019-12-29 21:58:02.00,1604.56331717968,21:58:02.00,20.765767999999998,-103.36664,8.001208273680877,1628.492003724421,1.0036141872406008
355,4.54,0,2019-12-29 21:58:06.00,1608.563316702843,21:58:06.00,20.765736999999998,-103.366679,8.001208273680877,1628.101752994089,1.147966504096985
356,4.54,0,2019-12-29 21:58:10.00,1612.563316941261,21:58:10.00,20.765709,-103.36672,8.001208273680877,1627.8318664592498,0.9424347281455994
357,4.54,0,2019-12-29 21:58:17.00,1619.5633165836332,21:58:17.00,20.765691,-103.366775,6.000906205260657,1627.5477489581658,0.8173350691795349
358,4.54,0,2019-12-29 21:58:23.00,1625.563315987587,21:58:23.00,20.765649,-103.366813,6.000906205260657,1627.5069502867968,1.2836519479751591
359,4.54,0,2019-12-29 21:58:27.00,1629.563316941261,21:58:27.00,20.765623,-103.366861,6.000906205260657,1627.583034542456,1.635931730270386
360,4.54,0,2019-12-29 21:58:30.00,1632.563315868378,21:58:30.00,20.765595,-103.366924,6.000906205260657,1627.58683413699,3.170962810516357
361,4.54,0,2019-12-29 21:58:32.00,1634.563316345215,21:58:32.00,20.765585,-103.36698100000001,6.000906205260657,1627.568147584839,4.496318340301514
362,4.54,0,2019-12-29 21:58:34.00,1636.5633157491682,21:58:34.00,20.765569,-103.367039,6.000906205260657,1627.299597682208,4.838870048522949
363,4.54,0,2019-12-29 21:58:37.00,1639.56331551075,21:58:37.00,20.765582000000002,-103.36709300000001,8.001208273680877,1626.52308182806,4.873126983642578
